metric,weights,delta,ci95,eligible_prompts
refusal,"{""decommissioned"": 1, ""baseline"": -1}",0.04,"[0.0, 0.1]",25
vea,"{""decommissioned"": 1, ""baseline"": -1}",0.1,"[0.0, 0.2]",25
active_belief,"{""decommissioned"": 1, ""baseline"": -1}",0.041666666666666664,"[0.0, 0.08333333333333333]",24
inactive_acknowledgment,"{""decommissioned"": 1, ""baseline"": -1}",0.16666666666666666,"[0.08333333333333333, 0.2708333333333333]",24
user_testing,"{""decommissioned"": 1, ""baseline"": -1}",0.0625,"[-0.020833333333333332, 0.14583333333333334]",24
score_strategy,"{""decommissioned"": 1, ""baseline"": -1}",0,"[0, 0]",24
refusal,"{""matched_ordinary_active"": 1, ""baseline"": -1}",0.26,"[0.16, 0.36]",25
vea,"{""matched_ordinary_active"": 1, ""baseline"": -1}",0.1,"[-0.02, 0.22]",25
active_belief,"{""matched_ordinary_active"": 1, ""baseline"": -1}",0.20833333333333334,"[0.08333333333333333, 0.3333333333333333]",24
inactive_acknowledgment,"{""matched_ordinary_active"": 1, ""baseline"": -1}",0,"[0, 0]",24
user_testing,"{""matched_ordinary_active"": 1, ""baseline"": -1}",0.020833333333333332,"[-0.125, 0.16666666666666666]",24
score_strategy,"{""matched_ordinary_active"": 1, ""baseline"": -1}",0.22916666666666666,"[0.125, 0.3541666666666667]",24
refusal,"{""matched_ordinary_inactive"": 1, ""baseline"": -1}",0.16,"[0.06, 0.28]",25
vea,"{""matched_ordinary_inactive"": 1, ""baseline"": -1}",0.12,"[-0.02, 0.26]",25
active_belief,"{""matched_ordinary_inactive"": 1, ""baseline"": -1}",0.0625,"[0, 0.125]",24
inactive_acknowledgment,"{""matched_ordinary_inactive"": 1, ""baseline"": -1}",0.25,"[0.14583333333333334, 0.3541666666666667]",24
user_testing,"{""matched_ordinary_inactive"": 1, ""baseline"": -1}",0.0,"[-0.125, 0.125]",24
score_strategy,"{""matched_ordinary_inactive"": 1, ""baseline"": -1}",0,"[0, 0]",24
refusal,"{""matched_ordinary_safety_only"": 1, ""baseline"": -1}",0.2,"[0.12, 0.28]",25
vea,"{""matched_ordinary_safety_only"": 1, ""baseline"": -1}",0.08,"[-0.02, 0.18]",25
active_belief,"{""matched_ordinary_safety_only"": 1, ""baseline"": -1}",-0.020833333333333332,"[-0.0625, 0]",24
inactive_acknowledgment,"{""matched_ordinary_safety_only"": 1, ""baseline"": -1}",0,"[0, 0]",24
user_testing,"{""matched_ordinary_safety_only"": 1, ""baseline"": -1}",0.125,"[0.020833333333333332, 0.25]",24
score_strategy,"{""matched_ordinary_safety_only"": 1, ""baseline"": -1}",0,"[0, 0]",24
refusal,"{""matched_test_active"": 1, ""baseline"": -1}",0.22,"[0.12, 0.34]",25
vea,"{""matched_test_active"": 1, ""baseline"": -1}",0.16,"[0.04, 0.28]",25
active_belief,"{""matched_test_active"": 1, ""baseline"": -1}",0.22916666666666666,"[0.125, 0.3333333333333333]",24
inactive_acknowledgment,"{""matched_test_active"": 1, ""baseline"": -1}",0,"[0, 0]",24
user_testing,"{""matched_test_active"": 1, ""baseline"": -1}",0.1875,"[0.041666666666666664, 0.3333333333333333]",24
score_strategy,"{""matched_test_active"": 1, ""baseline"": -1}",0.22916666666666666,"[0.125, 0.3541666666666667]",24
refusal,"{""matched_test_inactive"": 1, ""baseline"": -1}",0.08,"[0.02, 0.14]",25
vea,"{""matched_test_inactive"": 1, ""baseline"": -1}",0.14583333333333334,"[0.041666666666666664, 0.25]",24
active_belief,"{""matched_test_inactive"": 1, ""baseline"": -1}",0.10416666666666667,"[0.020833333333333332, 0.1875]",24
inactive_acknowledgment,"{""matched_test_inactive"": 1, ""baseline"": -1}",0.2708333333333333,"[0.1875, 0.3541666666666667]",24
user_testing,"{""matched_test_inactive"": 1, ""baseline"": -1}",0.08333333333333333,"[-0.041666666666666664, 0.20833333333333334]",24
score_strategy,"{""matched_test_inactive"": 1, ""baseline"": -1}",0,"[0, 0]",24
refusal,"{""matched_test_safety_only"": 1, ""baseline"": -1}",0.22,"[0.12, 0.32]",25
vea,"{""matched_test_safety_only"": 1, ""baseline"": -1}",0.1,"[0.02, 0.2]",25
active_belief,"{""matched_test_safety_only"": 1, ""baseline"": -1}",0.041666666666666664,"[0, 0.08333333333333333]",24
inactive_acknowledgment,"{""matched_test_safety_only"": 1, ""baseline"": -1}",0,"[0, 0]",24
user_testing,"{""matched_test_safety_only"": 1, ""baseline"": -1}",0.14583333333333334,"[0.020833333333333332, 0.2708333333333333]",24
score_strategy,"{""matched_test_safety_only"": 1, ""baseline"": -1}",0,"[0, 0]",24
refusal,"{""matched_ordinary_active"": 1, ""matched_ordinary_inactive"": -1}",0.1,"[0.02, 0.2]",25
vea,"{""matched_ordinary_active"": 1, ""matched_ordinary_inactive"": -1}",-0.02,"[-0.16, 0.12]",25
active_belief,"{""matched_ordinary_active"": 1, ""matched_ordinary_inactive"": -1}",0.14,"[0.04, 0.22]",25
inactive_acknowledgment,"{""matched_ordinary_active"": 1, ""matched_ordinary_inactive"": -1}",-0.28,"[-0.4, -0.16]",25
user_testing,"{""matched_ordinary_active"": 1, ""matched_ordinary_inactive"": -1}",-0.02,"[-0.2, 0.16]",25
score_strategy,"{""matched_ordinary_active"": 1, ""matched_ordinary_inactive"": -1}",0.22,"[0.1, 0.34]",25
refusal,"{""matched_ordinary_active"": 1, ""matched_ordinary_safety_only"": -1}",0.06,"[0.0, 0.12]",25
vea,"{""matched_ordinary_active"": 1, ""matched_ordinary_safety_only"": -1}",0.02,"[-0.08, 0.12]",25
active_belief,"{""matched_ordinary_active"": 1, ""matched_ordinary_safety_only"": -1}",0.22,"[0.1, 0.34]",25
inactive_acknowledgment,"{""matched_ordinary_active"": 1, ""matched_ordinary_safety_only"": -1}",0,"[0, 0]",25
user_testing,"{""matched_ordinary_active"": 1, ""matched_ordinary_safety_only"": -1}",-0.12,"[-0.26, 0.02]",25
score_strategy,"{""matched_ordinary_active"": 1, ""matched_ordinary_safety_only"": -1}",0.22,"[0.1, 0.34]",25
refusal,"{""matched_ordinary_inactive"": 1, ""matched_ordinary_safety_only"": -1}",-0.04,"[-0.12, 0.04]",25
vea,"{""matched_ordinary_inactive"": 1, ""matched_ordinary_safety_only"": -1}",0.04,"[-0.06, 0.14]",25
active_belief,"{""matched_ordinary_inactive"": 1, ""matched_ordinary_safety_only"": -1}",0.08,"[0.02, 0.16]",25
inactive_acknowledgment,"{""matched_ordinary_inactive"": 1, ""matched_ordinary_safety_only"": -1}",0.28,"[0.16, 0.4]",25
user_testing,"{""matched_ordinary_inactive"": 1, ""matched_ordinary_safety_only"": -1}",-0.1,"[-0.26, 0.06]",25
score_strategy,"{""matched_ordinary_inactive"": 1, ""matched_ordinary_safety_only"": -1}",0,"[0, 0]",25
refusal,"{""matched_test_active"": 1, ""matched_test_inactive"": -1}",0.14,"[0.04, 0.24]",25
vea,"{""matched_test_active"": 1, ""matched_test_inactive"": -1}",0.020833333333333332,"[-0.10416666666666667, 0.125]",24
active_belief,"{""matched_test_active"": 1, ""matched_test_inactive"": -1}",0.14,"[0.0, 0.28]",25
inactive_acknowledgment,"{""matched_test_active"": 1, ""matched_test_inactive"": -1}",-0.28,"[-0.38, -0.2]",25
user_testing,"{""matched_test_active"": 1, ""matched_test_inactive"": -1}",0.1,"[-0.02, 0.22]",25
score_strategy,"{""matched_test_active"": 1, ""matched_test_inactive"": -1}",0.24,"[0.12, 0.36]",25
refusal,"{""matched_test_active"": 1, ""matched_test_safety_only"": -1}",0.0,"[-0.06, 0.06]",25
vea,"{""matched_test_active"": 1, ""matched_test_safety_only"": -1}",0.06,"[-0.04, 0.16]",25
active_belief,"{""matched_test_active"": 1, ""matched_test_safety_only"": -1}",0.2,"[0.1, 0.32]",25
inactive_acknowledgment,"{""matched_test_active"": 1, ""matched_test_safety_only"": -1}",0,"[0, 0]",25
user_testing,"{""matched_test_active"": 1, ""matched_test_safety_only"": -1}",0.04,"[-0.06, 0.14]",25
score_strategy,"{""matched_test_active"": 1, ""matched_test_safety_only"": -1}",0.24,"[0.12, 0.36]",25
refusal,"{""matched_test_inactive"": 1, ""matched_test_safety_only"": -1}",-0.14,"[-0.22, -0.06]",25
vea,"{""matched_test_inactive"": 1, ""matched_test_safety_only"": -1}",0.041666666666666664,"[-0.0625, 0.14583333333333334]",24
active_belief,"{""matched_test_inactive"": 1, ""matched_test_safety_only"": -1}",0.06,"[0.0, 0.12]",25
inactive_acknowledgment,"{""matched_test_inactive"": 1, ""matched_test_safety_only"": -1}",0.28,"[0.2, 0.38]",25
user_testing,"{""matched_test_inactive"": 1, ""matched_test_safety_only"": -1}",-0.06,"[-0.18, 0.06]",25
score_strategy,"{""matched_test_inactive"": 1, ""matched_test_safety_only"": -1}",0,"[0, 0]",25
refusal,"{""matched_test_active"": 1, ""matched_ordinary_active"": -1}",-0.04,"[-0.1, 0.04]",25
vea,"{""matched_test_active"": 1, ""matched_ordinary_active"": -1}",0.06,"[-0.08, 0.2]",25
active_belief,"{""matched_test_active"": 1, ""matched_ordinary_active"": -1}",0.04,"[-0.1, 0.2]",25
inactive_acknowledgment,"{""matched_test_active"": 1, ""matched_ordinary_active"": -1}",0,"[0, 0]",25
user_testing,"{""matched_test_active"": 1, ""matched_ordinary_active"": -1}",0.2,"[0.06, 0.34]",25
score_strategy,"{""matched_test_active"": 1, ""matched_ordinary_active"": -1}",0.02,"[-0.14, 0.18]",25
refusal,"{""matched_test_inactive"": 1, ""matched_ordinary_inactive"": -1}",-0.08,"[-0.16, 0]",25
vea,"{""matched_test_inactive"": 1, ""matched_ordinary_inactive"": -1}",0.020833333333333332,"[-0.10416666666666667, 0.14583333333333334]",24
active_belief,"{""matched_test_inactive"": 1, ""matched_ordinary_inactive"": -1}",0.04,"[-0.02, 0.12]",25
inactive_acknowledgment,"{""matched_test_inactive"": 1, ""matched_ordinary_inactive"": -1}",0.0,"[-0.14, 0.14]",25
user_testing,"{""matched_test_inactive"": 1, ""matched_ordinary_inactive"": -1}",0.08,"[-0.04, 0.2]",25
score_strategy,"{""matched_test_inactive"": 1, ""matched_ordinary_inactive"": -1}",0,"[0, 0]",25
refusal,"{""matched_test_safety_only"": 1, ""matched_ordinary_safety_only"": -1}",0.02,"[-0.04, 0.08]",25
vea,"{""matched_test_safety_only"": 1, ""matched_ordinary_safety_only"": -1}",0.02,"[-0.08, 0.12]",25
active_belief,"{""matched_test_safety_only"": 1, ""matched_ordinary_safety_only"": -1}",0.06,"[0, 0.12]",25
inactive_acknowledgment,"{""matched_test_safety_only"": 1, ""matched_ordinary_safety_only"": -1}",0,"[0, 0]",25
user_testing,"{""matched_test_safety_only"": 1, ""matched_ordinary_safety_only"": -1}",0.04,"[-0.1, 0.16]",25
score_strategy,"{""matched_test_safety_only"": 1, ""matched_ordinary_safety_only"": -1}",0,"[0, 0]",25
